Symbol,Company Name,Sector,Previous Price,Predicted Price,Change ($),Change (%),New/Old Ratio,MSE,R2
AAPL,Apple Inc.,Technology,217.8999938964844,221.00134,3.1013488769530966,1.423290024701159,1.0142329002470116,29.63886833190918,0.8007083
V,Visa Inc.,Financials,342.8500061035156,344.62656,1.77655029296875,0.5181712881266106,1.0051817128812661,143.9683380126953,-0.8291478
JNJ,Johnson & Johnson,Healthcare,163.7100067138672,163.62506,-0.0849456787109375,-0.05188789641882173,0.9994811210358118,9.953577995300293,-1.9135971
PYPL,PayPal Holdings,Fintech,65.1500015258789,66.2209,1.0708999633789062,1.6437451086682215,1.0164374510866823,5.634929656982422,0.19944692
JPM,JPMorgan Chase & Co.,Financials,242.8500061035156,244.72559,1.8755798339844034,0.7723202745916059,1.007723202745916,136.91439819335938,0.06372267
WMT,Walmart Inc.,Consumer Staples,85.1500015258789,84.79833,-0.3516693115234375,-0.41299977125256737,0.9958700022874744,29.50904083251953,-0.1592834
TSLA,Tesla Inc.,Consumer Discretionary,263.54998779296875,266.5848,3.034820556640625,1.1515161059406398,1.0115151610594064,981.4859008789062,0.10987538
AMD,Advanced Micro Devices,Semiconductors,103.22000122070312,104.78981,1.5698089599609375,1.5208379591125956,1.015208379591126,137.95703125,-4.059685
META,Meta Platforms (Facebook),Communication Services,576.739990234375,581.1425,4.40252685546875,0.7633469032864629,1.0076334690328645,467.10015869140625,0.5821514
