Symbol,Company Name,Sector,Previous Price,Predicted Price,Change ($),Change (%),New/Old Ratio,MSE,R2,Sentiment Score,Sentiment Validity,Relative_MSE,Price_Momentum,Sentiment_Term,Relative_Ratio,Signal
META,Meta Platforms (Facebook),Communication Services,576.739990234375,581.1425,4.40252685546875,0.7633469032864629,1.0076334690328643,467.1001586914063,0.5821514,0.6,0.9,0.1404267624746869,0.007633439401065207,0.54,0.007633469032864326,3.2256927672550213
JPM,JPMorgan Chase & Co.,Financials,242.8500061035156,244.72559,1.875579833984404,0.7723202745916059,1.007723202745916,136.91439819335938,0.06372267,0.7,0.9,0.2321522431578275,0.0077232194743488735,0.63,0.00772320274591598,3.0665256737756814
PYPL,PayPal Holdings,Fintech,65.1500015258789,66.2209,1.0708999633789062,1.6437451086682215,1.0164374510866825,5.634929656982422,0.19944692,0.6,0.9,0.1327576751691368,0.016437428227775427,0.54,0.016437451086682486,2.9475011839254637
AAPL,Apple Inc.,Technology,217.8999938964844,221.00134,3.1013488769530966,1.423290024701159,1.0142329002470116,29.63886833190918,0.8007083,0.5,0.8,0.0624233657466643,0.014232887518982315,0.4,0.014232900247011626,2.894846824242434
WMT,Walmart Inc.,Consumer Staples,85.1500015258789,84.79833,-0.3516693115234375,-0.4129997712525673,0.9958700022874744,29.50904083251953,-0.1592834,0.7,0.9,0.4069919067890877,-0.00413002371787414,0.63,-0.004129997712525646,2.5382946923677814
V,Visa Inc.,Financials,342.8500061035156,344.62656,1.77655029296875,0.5181712881266106,1.005181712881266,143.9683380126953,-0.8291478,0.7,0.9,0.1224781641663788,0.005181723391738746,0.63,0.005181712881265899,2.255372888038019
JNJ,Johnson & Johnson,Healthcare,163.7100067138672,163.62506,-0.0849456787109375,-0.0518878964188217,0.9994811210358118,9.953577995300291,-1.9135971,0.65,0.9,0.0371388773245409,-0.0005188852872974771,0.5850000000000001,-0.0005188789641882297,0.9685563477462795
TSLA,Tesla Inc.,Consumer Discretionary,263.54998779296875,266.5848,3.034820556640625,1.1515161059406398,1.0115151610594064,981.4859008789062,0.10987538,0.2,0.5,1.413051740854219,0.011515129378094355,0.1,0.01151516105940642,-0.6765096208820603
AMD,Advanced Micro Devices,Semiconductors,103.22000122070312,104.78981,1.5698089599609375,1.5208379591125956,1.015208379591126,137.95703125,-4.059685,0.6,0.8,1.2948400393868285,0.015208377840844443,0.48,0.015208379591125976,-2.7872328656347243
